{
  "appInfo" : {
    "build" : "203.7717.56.2031.7935034",
    "buildDate" : "Sun, 21 Nov 2021 07:35:29 +0200",
    "productCode" : "AI",
    "generated" : "Tue, 28 Dec 2021 01:50:36 +0200",
    "os" : "Windows 7 6.1",
    "runtime" : "JetBrains s.r.o 11.0.10 11.0.10+0-b96-7249189"
  },
  "runtimeInfo" : {
    "maxMemory" : 1342177280,
    "numberOfProcessors" : 4,
    "maxNumberOfIndexingThreads" : 4,
    "maxSizeOfFileForIntelliSense" : 2560000,
    "maxSizeOfFileForContentLoading" : 20971520
  },
  "projectIndexingHistory" : {
    "projectName" : "OPPO F9 - Shortcut.lnk",
    "numberOfFileProviders" : 8,
    "totalNumberOfFiles" : 32107,
    "totalNumberOfUpToDateFiles" : 1993,
    "times" : {
      "totalUpdatingTime" : "34 s 85 ms",
      "indexingTime" : "26 s 518 ms",
      "pushPropertiesTime" : "33 ms",
      "updatingStart" : "Tue, 28 Dec 2021 01:50:02 +0200",
      "updatingEnd" : "Tue, 28 Dec 2021 01:50:36 +0200",
      "wasInterrupted" : false
    },
    "numberOfIndexingThreads" : 3,
    "totalStatsPerFileType" : [ {
      "fileType" : "CLASS",
      "partOfTotalIndexingTime" : "٩٣٫٦%",
      "partOfTotalContentLoadingTime" : "٩٧٫٣%",
      "totalNumberOfFiles" : 29749,
      "totalFilesSize" : "١٣٠٫٢٥ MB",
      "indexingSpeed" : "٤٫٠٢ MB/s",
      "biggestContributors" : [ {
        "providerName" : "JDK Android Studio default JDK",
        "numberOfFiles" : 29749,
        "totalFilesSize" : "١٣٠٫٢٥ MB",
        "partOfTotalIndexingTimeOfThisFileType" : "١٠٠٫٠%"
      } ]
    }, {
      "fileType" : "Properties",
      "partOfTotalIndexingTime" : "٣٫٧%",
      "partOfTotalContentLoadingTime" : "١٫٢%",
      "totalNumberOfFiles" : 197,
      "totalFilesSize" : "١٫٥٧ MB",
      "indexingSpeed" : "١٫٢١ MB/s",
      "biggestContributors" : [ {
        "providerName" : "JDK Android Studio default JDK",
        "numberOfFiles" : 197,
        "totalFilesSize" : "١٫٥٧ MB",
        "partOfTotalIndexingTimeOfThisFileType" : "١٠٠٫٠%"
      } ]
    }, {
      "fileType" : "JavaScript",
      "partOfTotalIndexingTime" : "٢٫٢%",
      "partOfTotalContentLoadingTime" : "١٫٢%",
      "totalNumberOfFiles" : 25,
      "totalFilesSize" : "١٫٢٥ MB",
      "indexingSpeed" : "١٫٦٣ MB/s",
      "biggestContributors" : [ {
        "providerName" : "JDK Android Studio default JDK",
        "numberOfFiles" : 25,
        "totalFilesSize" : "١٫٢٥ MB",
        "partOfTotalIndexingTimeOfThisFileType" : "١٠٠٫٠%"
      } ]
    }, {
      "fileType" : "XML",
      "partOfTotalIndexingTime" : "< 1%",
      "partOfTotalContentLoadingTime" : "< 1%",
      "totalNumberOfFiles" : 3,
      "totalFilesSize" : "١٢٦٫١٨ kB",
      "indexingSpeed" : "٢٫٠٤ MB/s",
      "biggestContributors" : [ {
        "providerName" : "JDK Android Studio default JDK",
        "numberOfFiles" : 3,
        "totalFilesSize" : "١٢٦٫١٨ kB",
        "partOfTotalIndexingTimeOfThisFileType" : "١٠٠٫٠%"
      } ]
    }, {
      "fileType" : "CSS",
      "partOfTotalIndexingTime" : "< 1%",
      "partOfTotalContentLoadingTime" : "< 1%",
      "totalNumberOfFiles" : 6,
      "totalFilesSize" : "٦٩٫٤٦ kB",
      "indexingSpeed" : "١٫٢٦ MB/s",
      "biggestContributors" : [ {
        "providerName" : "JDK Android Studio default JDK",
        "numberOfFiles" : 6,
        "totalFilesSize" : "٦٩٫٤٦ kB",
        "partOfTotalIndexingTimeOfThisFileType" : "١٠٠٫٠%"
      } ]
    }, {
      "fileType" : "PLAIN_TEXT",
      "partOfTotalIndexingTime" : "< 1%",
      "partOfTotalContentLoadingTime" : "< 1%",
      "totalNumberOfFiles" : 130,
      "totalFilesSize" : "١٥٤٫٦٨ kB",
      "indexingSpeed" : "٣٫٢٧ MB/s",
      "biggestContributors" : [ {
        "providerName" : "JDK Android Studio default JDK",
        "numberOfFiles" : 130,
        "totalFilesSize" : "١٥٤٫٦٨ kB",
        "partOfTotalIndexingTimeOfThisFileType" : "١٠٠٫٠%"
      } ]
    }, {
      "fileType" : "DTD",
      "partOfTotalIndexingTime" : "< 1%",
      "partOfTotalContentLoadingTime" : "< 1%",
      "totalNumberOfFiles" : 1,
      "totalFilesSize" : "٢٫٩٦ kB",
      "indexingSpeed" : "٢٫٧٣ MB/s",
      "biggestContributors" : [ {
        "providerName" : "JDK Android Studio default JDK",
        "numberOfFiles" : 1,
        "totalFilesSize" : "٢٫٩٦ kB",
        "partOfTotalIndexingTimeOfThisFileType" : "١٠٠٫٠%"
      } ]
    }, {
      "fileType" : "SPI",
      "partOfTotalIndexingTime" : "< 1%",
      "partOfTotalContentLoadingTime" : "< 1%",
      "totalNumberOfFiles" : 3,
      "totalFilesSize" : "٢٥٢ B",
      "indexingSpeed" : "٤٥٦٫٧٤ kB/s",
      "biggestContributors" : [ {
        "providerName" : "JDK Android Studio default JDK",
        "numberOfFiles" : 3,
        "totalFilesSize" : "٢٥٢ B",
        "partOfTotalIndexingTimeOfThisFileType" : "١٠٠٫٠%"
      } ]
    } ],
    "totalStatsPerIndexer" : [ {
      "indexId" : "Stubs",
      "partOfTotalIndexingTime" : "٨٠٫٥%",
      "totalNumberOfFiles" : 29949,
      "totalNumberOfFilesIndexedByExtensions" : 0,
      "totalFilesSize" : "١٣١٫٩٥ MB",
      "indexingSpeed" : "٤٫٧٣ MB/s"
    }, {
      "indexId" : "bytecodeAnalysis",
      "partOfTotalIndexingTime" : "١٠٫٦%",
      "totalNumberOfFiles" : 29749,
      "totalNumberOfFilesIndexedByExtensions" : 0,
      "totalFilesSize" : "١٣٠٫٢٥ MB",
      "indexingSpeed" : "٣٥٫٤٨ MB/s"
    }, {
      "indexId" : "IdIndex",
      "partOfTotalIndexingTime" : "٣٫٣%",
      "totalNumberOfFiles" : 365,
      "totalNumberOfFilesIndexedByExtensions" : 0,
      "totalFilesSize" : "٣٫١٨ MB",
      "indexingSpeed" : "٢٫٧٩ MB/s"
    }, {
      "indexId" : "org.jetbrains.kotlin.idea.vfilefinder.KotlinClassFileIndex",
      "partOfTotalIndexingTime" : "٢٫٩%",
      "totalNumberOfFiles" : 29749,
      "totalNumberOfFilesIndexedByExtensions" : 0,
      "totalFilesSize" : "١٣٠٫٢٥ MB",
      "indexingSpeed" : "١٣٠٫٢٣ MB/s"
    }, {
      "indexId" : "org.jetbrains.kotlin.idea.versions.KotlinJvmMetadataVersionIndex",
      "partOfTotalIndexingTime" : "١٫٦%",
      "totalNumberOfFiles" : 29749,
      "totalNumberOfFilesIndexedByExtensions" : 0,
      "totalFilesSize" : "١٣٠٫٢٥ MB",
      "indexingSpeed" : "٢٢٩٫٣٤ MB/s"
    }, {
      "indexId" : "Trigram.Index",
      "partOfTotalIndexingTime" : "< 1%",
      "totalNumberOfFiles" : 365,
      "totalNumberOfFilesIndexedByExtensions" : 0,
      "totalFilesSize" : "٣٫١٨ MB",
      "indexingSpeed" : "١٠٫٨٢ MB/s"
    }, {
      "indexId" : "org.jetbrains.kotlin.idea.versions.KotlinJsMetadataVersionIndex",
      "partOfTotalIndexingTime" : "< 1%",
      "totalNumberOfFiles" : 25,
      "totalNumberOfFilesIndexedByExtensions" : 0,
      "totalFilesSize" : "١٫٢٥ MB",
      "indexingSpeed" : "٣٣٫٩٨ MB/s"
    }, {
      "indexId" : "fileIncludes",
      "partOfTotalIndexingTime" : "< 1%",
      "totalNumberOfFiles" : 3,
      "totalNumberOfFilesIndexedByExtensions" : 0,
      "totalFilesSize" : "١٢٦٫١٨ kB",
      "indexingSpeed" : "٦٫٤٢ MB/s"
    }, {
      "indexId" : "xmlProperties",
      "partOfTotalIndexingTime" : "< 1%",
      "totalNumberOfFiles" : 2,
      "totalNumberOfFilesIndexedByExtensions" : 0,
      "totalFilesSize" : "١١٨٫٧١ kB",
      "indexingSpeed" : "٣٢٫٤٥ MB/s"
    }, {
      "indexId" : "RelaxSymbolIndex",
      "partOfTotalIndexingTime" : "< 1%",
      "totalNumberOfFiles" : 3,
      "totalNumberOfFilesIndexedByExtensions" : 0,
      "totalFilesSize" : "١٢٦٫١٨ kB",
      "indexingSpeed" : "٣٥٫٥٨ MB/s"
    }, {
      "indexId" : "XmlNamespaces",
      "partOfTotalIndexingTime" : "< 1%",
      "totalNumberOfFiles" : 1,
      "totalNumberOfFilesIndexedByExtensions" : 0,
      "totalFilesSize" : "٧٫٤٧ kB",
      "indexingSpeed" : "٣٫٥٥ MB/s"
    }, {
      "indexId" : "DomFileIndex",
      "partOfTotalIndexingTime" : "< 1%",
      "totalNumberOfFiles" : 3,
      "totalNumberOfFilesIndexedByExtensions" : 0,
      "totalFilesSize" : "١٢٦٫١٨ kB",
      "indexingSpeed" : "١٤٣٫٨٣ MB/s"
    } ],
    "fileProviderStatistics" : [ {
      "providerName" : "JDK Android Studio default JDK",
      "totalNumberOfFiles" : 30114,
      "totalNumberOfFilesFullyIndexedByExtensions" : 0,
      "totalIndexingTime" : "26 s 517 ms",
      "statsPerFileType" : [ {
        "fileType" : "CLASS",
        "numberOfFiles" : 29749,
        "totalFilesSize" : "١٣٠٫٢٥ MB",
        "partOfTotalIndexingTime" : "٩٣٫٦%",
        "partOfTotalContentLoadingTime" : "٩٧٫٣%"
      }, {
        "fileType" : "Properties",
        "numberOfFiles" : 197,
        "totalFilesSize" : "١٫٥٧ MB",
        "partOfTotalIndexingTime" : "٣٫٧%",
        "partOfTotalContentLoadingTime" : "١٫٢%"
      }, {
        "fileType" : "JavaScript",
        "numberOfFiles" : 25,
        "totalFilesSize" : "١٫٢٥ MB",
        "partOfTotalIndexingTime" : "٢٫٢%",
        "partOfTotalContentLoadingTime" : "١٫٢%"
      }, {
        "fileType" : "XML",
        "numberOfFiles" : 3,
        "totalFilesSize" : "١٢٦٫١٨ kB",
        "partOfTotalIndexingTime" : "< 1%",
        "partOfTotalContentLoadingTime" : "< 1%"
      }, {
        "fileType" : "CSS",
        "numberOfFiles" : 6,
        "totalFilesSize" : "٦٩٫٤٦ kB",
        "partOfTotalIndexingTime" : "< 1%",
        "partOfTotalContentLoadingTime" : "< 1%"
      }, {
        "fileType" : "PLAIN_TEXT",
        "numberOfFiles" : 130,
        "totalFilesSize" : "١٥٤٫٦٨ kB",
        "partOfTotalIndexingTime" : "< 1%",
        "partOfTotalContentLoadingTime" : "< 1%"
      }, {
        "fileType" : "DTD",
        "numberOfFiles" : 1,
        "totalFilesSize" : "٢٫٩٦ kB",
        "partOfTotalIndexingTime" : "< 1%",
        "partOfTotalContentLoadingTime" : "< 1%"
      }, {
        "fileType" : "SPI",
        "numberOfFiles" : 3,
        "totalFilesSize" : "٢٥٢ B",
        "partOfTotalIndexingTime" : "< 1%",
        "partOfTotalContentLoadingTime" : "< 1%"
      } ],
      "statsPerIndexer" : [ {
        "indexId" : "Stubs",
        "numberOfFiles" : 29949,
        "numberOfFilesIndexedByExtensions" : 0,
        "partOfTotalIndexingTime" : "٨٠٫٥%"
      }, {
        "indexId" : "bytecodeAnalysis",
        "numberOfFiles" : 29749,
        "numberOfFilesIndexedByExtensions" : 0,
        "partOfTotalIndexingTime" : "١٠٫٦%"
      }, {
        "indexId" : "IdIndex",
        "numberOfFiles" : 365,
        "numberOfFilesIndexedByExtensions" : 0,
        "partOfTotalIndexingTime" : "٣٫٣%"
      }, {
        "indexId" : "org.jetbrains.kotlin.idea.vfilefinder.KotlinClassFileIndex",
        "numberOfFiles" : 29749,
        "numberOfFilesIndexedByExtensions" : 0,
        "partOfTotalIndexingTime" : "٢٫٩%"
      }, {
        "indexId" : "org.jetbrains.kotlin.idea.versions.KotlinJvmMetadataVersionIndex",
        "numberOfFiles" : 29749,
        "numberOfFilesIndexedByExtensions" : 0,
        "partOfTotalIndexingTime" : "١٫٦%"
      } ],
      "fastIndexers" : [ "DomFileIndex", "RelaxSymbolIndex", "Trigram.Index", "XmlNamespaces", "fileIncludes", "org.jetbrains.kotlin.idea.versions.KotlinJsMetadataVersionIndex", "xmlProperties" ]
    } ]
  }
}