{
  "appInfo" : {
    "build" : "203.7717.56.2031.7935034",
    "buildDate" : "Sun, 21 Nov 2021 07:35:29 +0200",
    "productCode" : "AI",
    "generated" : "Tue, 28 Dec 2021 01:43:14 +0200",
    "os" : "Windows 7 6.1",
    "runtime" : "JetBrains s.r.o 11.0.10 11.0.10+0-b96-7249189"
  },
  "runtimeInfo" : {
    "maxMemory" : 1342177280,
    "numberOfProcessors" : 4,
    "maxNumberOfIndexingThreads" : 4,
    "maxSizeOfFileForIntelliSense" : 2560000,
    "maxSizeOfFileForContentLoading" : 20971520
  },
  "projectIndexingHistory" : {
    "projectName" : "OPPO F9 - Shortcut.lnk",
    "numberOfFileProviders" : 7,
    "totalNumberOfFiles" : 231,
    "totalNumberOfUpToDateFiles" : 17,
    "times" : {
      "totalUpdatingTime" : "8 s 827 ms",
      "indexingTime" : "5 s 345 ms",
      "pushPropertiesTime" : "221 ms",
      "updatingStart" : "Tue, 28 Dec 2021 01:43:05 +0200",
      "updatingEnd" : "Tue, 28 Dec 2021 01:43:14 +0200",
      "wasInterrupted" : false
    },
    "numberOfIndexingThreads" : 3,
    "totalStatsPerFileType" : [ {
      "fileType" : "DTD",
      "partOfTotalIndexingTime" : "٥١٫٨%",
      "partOfTotalContentLoadingTime" : "٤٨٫١%",
      "totalNumberOfFiles" : 62,
      "totalFilesSize" : "٦٠١٫٨٥ kB",
      "indexingSpeed" : "١٧٣٫٣٣ kB/s",
      "biggestContributors" : [ {
        "providerName" : "com.intellij.javaee.ExternalResourcesRootsProvider@2c697b0",
        "numberOfFiles" : 62,
        "totalFilesSize" : "٦٠١٫٨٥ kB",
        "partOfTotalIndexingTimeOfThisFileType" : "١٠٠٫٠%"
      } ]
    }, {
      "fileType" : "XML",
      "partOfTotalIndexingTime" : "٣٧٫٥%",
      "partOfTotalContentLoadingTime" : "١١٫٨%",
      "totalNumberOfFiles" : 15,
      "totalFilesSize" : "٧٠٥٫٩٩ kB",
      "indexingSpeed" : "٢٨٠٫٦٢ kB/s",
      "biggestContributors" : [ {
        "providerName" : "com.intellij.javaee.ExternalResourcesRootsProvider@2c697b0",
        "numberOfFiles" : 15,
        "totalFilesSize" : "٧٠٥٫٩٩ kB",
        "partOfTotalIndexingTimeOfThisFileType" : "١٠٠٫٠%"
      } ]
    }, {
      "fileType" : "RNG Compact",
      "partOfTotalIndexingTime" : "٨٫٩%",
      "partOfTotalContentLoadingTime" : "٣٩٫٩%",
      "totalNumberOfFiles" : 124,
      "totalFilesSize" : "٤٦٤٫٦ kB",
      "indexingSpeed" : "٧٨٠٫٩٩ kB/s",
      "biggestContributors" : [ {
        "providerName" : "com.intellij.javaee.ExternalResourcesRootsProvider@2c697b0",
        "numberOfFiles" : 124,
        "totalFilesSize" : "٤٦٤٫٦ kB",
        "partOfTotalIndexingTimeOfThisFileType" : "١٠٠٫٠%"
      } ]
    }, {
      "fileType" : "Shell Script",
      "partOfTotalIndexingTime" : "< 1%",
      "partOfTotalContentLoadingTime" : "< 1%",
      "totalNumberOfFiles" : 1,
      "totalFilesSize" : "١٫٤٨ kB",
      "indexingSpeed" : "٢٤٫٥٢ kB/s",
      "biggestContributors" : [ {
        "providerName" : "com.intellij.javaee.ExternalResourcesRootsProvider@2c697b0",
        "numberOfFiles" : 1,
        "totalFilesSize" : "١٫٤٨ kB",
        "partOfTotalIndexingTimeOfThisFileType" : "١٠٠٫٠%"
      } ]
    }, {
      "fileType" : "textmate",
      "partOfTotalIndexingTime" : "< 1%",
      "partOfTotalContentLoadingTime" : "< 1%",
      "totalNumberOfFiles" : 2,
      "totalFilesSize" : "١٫٥٧ kB",
      "indexingSpeed" : "٣٤٫٠٣ kB/s",
      "biggestContributors" : [ {
        "providerName" : "com.intellij.javaee.ExternalResourcesRootsProvider@2c697b0",
        "numberOfFiles" : 2,
        "totalFilesSize" : "١٫٥٧ kB",
        "partOfTotalIndexingTimeOfThisFileType" : "١٠٠٫٠%"
      } ]
    }, {
      "fileType" : "PATCH",
      "partOfTotalIndexingTime" : "< 1%",
      "partOfTotalContentLoadingTime" : "< 1%",
      "totalNumberOfFiles" : 8,
      "totalFilesSize" : "٤٫٤٥ kB",
      "indexingSpeed" : "٥٨٨٫٤١ kB/s",
      "biggestContributors" : [ {
        "providerName" : "com.intellij.javaee.ExternalResourcesRootsProvider@2c697b0",
        "numberOfFiles" : 8,
        "totalFilesSize" : "٤٫٤٥ kB",
        "partOfTotalIndexingTimeOfThisFileType" : "١٠٠٫٠%"
      } ]
    }, {
      "fileType" : "PLAIN_TEXT",
      "partOfTotalIndexingTime" : "< 1%",
      "partOfTotalContentLoadingTime" : "< 1%",
      "totalNumberOfFiles" : 2,
      "totalFilesSize" : "٩٫٩٩ kB",
      "indexingSpeed" : "١٫٦٨ MB/s",
      "biggestContributors" : [ {
        "providerName" : "com.intellij.javaee.ExternalResourcesRootsProvider@2c697b0",
        "numberOfFiles" : 2,
        "totalFilesSize" : "٩٫٩٩ kB",
        "partOfTotalIndexingTimeOfThisFileType" : "١٠٠٫٠%"
      } ]
    } ],
    "totalStatsPerIndexer" : [ {
      "indexId" : "IdIndex",
      "partOfTotalIndexingTime" : "٥٥٫٤%",
      "totalNumberOfFiles" : 206,
      "totalNumberOfFilesIndexedByExtensions" : 0,
      "totalFilesSize" : "١٫٧٩ MB",
      "indexingSpeed" : "٤٨٠٫٦٨ kB/s"
    }, {
      "indexId" : "Stubs",
      "partOfTotalIndexingTime" : "٢١٫٣%",
      "totalNumberOfFiles" : 15,
      "totalNumberOfFilesIndexedByExtensions" : 0,
      "totalFilesSize" : "٧٠٥٫٩٩ kB",
      "indexingSpeed" : "٤٩٤٫٥٩ kB/s"
    }, {
      "indexId" : "Trigram.Index",
      "partOfTotalIndexingTime" : "٩٫٧%",
      "totalNumberOfFiles" : 214,
      "totalNumberOfFilesIndexedByExtensions" : 0,
      "totalFilesSize" : "١٫٧٩ MB",
      "indexingSpeed" : "٢٫٧٦ MB/s"
    }, {
      "indexId" : "XmlNamespaces",
      "partOfTotalIndexingTime" : "٥٫٦%",
      "totalNumberOfFiles" : 14,
      "totalNumberOfFilesIndexedByExtensions" : 0,
      "totalFilesSize" : "٦٨١٫٩٩ kB",
      "indexingSpeed" : "١٫٨٣ MB/s"
    }, {
      "indexId" : "XmlTagNames",
      "partOfTotalIndexingTime" : "٣٫٠%",
      "totalNumberOfFiles" : 11,
      "totalNumberOfFilesIndexedByExtensions" : 0,
      "totalFilesSize" : "٤١٥٫٢١ kB",
      "indexingSpeed" : "٢٫٠٤ MB/s"
    }, {
      "indexId" : "DomFileIndex",
      "partOfTotalIndexingTime" : "٢٫٥%",
      "totalNumberOfFiles" : 15,
      "totalNumberOfFilesIndexedByExtensions" : 0,
      "totalFilesSize" : "٧٠٥٫٩٩ kB",
      "indexingSpeed" : "٤٫٢١ MB/s"
    }, {
      "indexId" : "SchemaTypeInheritance",
      "partOfTotalIndexingTime" : "٢٫٥%",
      "totalNumberOfFiles" : 11,
      "totalNumberOfFilesIndexedByExtensions" : 0,
      "totalFilesSize" : "٤١٥٫٢١ kB",
      "indexingSpeed" : "٢٫٤٨ MB/s"
    } ],
    "fileProviderStatistics" : [ {
      "providerName" : "com.intellij.javaee.ExternalResourcesRootsProvider@2c697b0",
      "totalNumberOfFiles" : 214,
      "totalNumberOfFilesFullyIndexedByExtensions" : 0,
      "totalIndexingTime" : "5 s 282 ms",
      "statsPerFileType" : [ {
        "fileType" : "DTD",
        "numberOfFiles" : 62,
        "totalFilesSize" : "٦٠١٫٨٥ kB",
        "partOfTotalIndexingTime" : "٥١٫٨%",
        "partOfTotalContentLoadingTime" : "٤٨٫١%"
      }, {
        "fileType" : "XML",
        "numberOfFiles" : 15,
        "totalFilesSize" : "٧٠٥٫٩٩ kB",
        "partOfTotalIndexingTime" : "٣٧٫٥%",
        "partOfTotalContentLoadingTime" : "١١٫٨%"
      }, {
        "fileType" : "RNG Compact",
        "numberOfFiles" : 124,
        "totalFilesSize" : "٤٦٤٫٦ kB",
        "partOfTotalIndexingTime" : "٨٫٩%",
        "partOfTotalContentLoadingTime" : "٣٩٫٩%"
      }, {
        "fileType" : "Shell Script",
        "numberOfFiles" : 1,
        "totalFilesSize" : "١٫٤٨ kB",
        "partOfTotalIndexingTime" : "< 1%",
        "partOfTotalContentLoadingTime" : "< 1%"
      }, {
        "fileType" : "textmate",
        "numberOfFiles" : 2,
        "totalFilesSize" : "١٫٥٧ kB",
        "partOfTotalIndexingTime" : "< 1%",
        "partOfTotalContentLoadingTime" : "< 1%"
      }, {
        "fileType" : "PATCH",
        "numberOfFiles" : 8,
        "totalFilesSize" : "٤٫٤٥ kB",
        "partOfTotalIndexingTime" : "< 1%",
        "partOfTotalContentLoadingTime" : "< 1%"
      }, {
        "fileType" : "PLAIN_TEXT",
        "numberOfFiles" : 2,
        "totalFilesSize" : "٩٫٩٩ kB",
        "partOfTotalIndexingTime" : "< 1%",
        "partOfTotalContentLoadingTime" : "< 1%"
      } ],
      "statsPerIndexer" : [ {
        "indexId" : "IdIndex",
        "numberOfFiles" : 206,
        "numberOfFilesIndexedByExtensions" : 0,
        "partOfTotalIndexingTime" : "٥٥٫٤%"
      }, {
        "indexId" : "Stubs",
        "numberOfFiles" : 15,
        "numberOfFilesIndexedByExtensions" : 0,
        "partOfTotalIndexingTime" : "٢١٫٣%"
      }, {
        "indexId" : "Trigram.Index",
        "numberOfFiles" : 214,
        "numberOfFilesIndexedByExtensions" : 0,
        "partOfTotalIndexingTime" : "٩٫٧%"
      }, {
        "indexId" : "XmlNamespaces",
        "numberOfFiles" : 14,
        "numberOfFilesIndexedByExtensions" : 0,
        "partOfTotalIndexingTime" : "٥٫٦%"
      }, {
        "indexId" : "XmlTagNames",
        "numberOfFiles" : 11,
        "numberOfFilesIndexedByExtensions" : 0,
        "partOfTotalIndexingTime" : "٣٫٠%"
      }, {
        "indexId" : "DomFileIndex",
        "numberOfFiles" : 15,
        "numberOfFilesIndexedByExtensions" : 0,
        "partOfTotalIndexingTime" : "٢٫٥%"
      }, {
        "indexId" : "SchemaTypeInheritance",
        "numberOfFiles" : 11,
        "numberOfFilesIndexedByExtensions" : 0,
        "partOfTotalIndexingTime" : "٢٫٥%"
      } ],
      "fastIndexers" : [ ]
    } ]
  }
}