{
  "appInfo" : {
    "build" : "203.7717.56.2031.7935034",
    "buildDate" : "Sun, 21 Nov 2021 07:35:29 +0200",
    "productCode" : "AI",
    "generated" : "Tue, 28 Dec 2021 01:44:07 +0200",
    "os" : "Windows 7 6.1",
    "runtime" : "JetBrains s.r.o 11.0.10 11.0.10+0-b96-7249189"
  },
  "runtimeInfo" : {
    "maxMemory" : 1342177280,
    "numberOfProcessors" : 4,
    "maxNumberOfIndexingThreads" : 4,
    "maxSizeOfFileForIntelliSense" : 2560000,
    "maxSizeOfFileForContentLoading" : 20971520
  },
  "projectIndexingHistory" : {
    "projectName" : "OPPO F9 - Shortcut.lnk",
    "numberOfFileProviders" : 7,
    "totalNumberOfFiles" : 231,
    "totalNumberOfUpToDateFiles" : 231,
    "times" : {
      "totalUpdatingTime" : "16 ms",
      "pushPropertiesTime" : "< 1 ms",
      "updatingStart" : "Tue, 28 Dec 2021 01:44:07 +0200",
      "updatingEnd" : "Tue, 28 Dec 2021 01:44:07 +0200",
      "wasInterrupted" : false
    },
    "numberOfIndexingThreads" : 0,
    "totalStatsPerFileType" : [ ],
    "totalStatsPerIndexer" : [ ],
    "fileProviderStatistics" : [ ]
  }
}